# name|Wikipedia article|country code|region|locality|deity IDs (comma-separated)|collection IDs (comma-separated)|editorial highlight
Badrinath Temple|Badrinath Temple|IN|Uttarakhand|Badrinath|vishnu|char-dham,chota-char-dham|Vishnu worship on the Alaknanda river in the Garhwal Himalayas; the mountain shrine has a seasonal pilgrimage calendar.
Kedarnath Temple|Kedarnath Temple|IN|Uttarakhand|Kedarnath|shiva|jyotirlinga,chota-char-dham,panch-kedar|A high Himalayan Shiva shrine reached through the Kedarnath valley; weather and the annual opening season shape every visit.
Gangotri Temple|Gangotri|IN|Uttarakhand|Gangotri|ganga,devi|chota-char-dham|A river-goddess pilgrimage on the Bhagirathi, distinct from the glacier trek to Gaumukh.
Yamunotri Temple|Yamunotri|IN|Uttarakhand|Yamunotri|yamuna,devi|chota-char-dham|A mountain shrine to Yamuna approached from the Janki Chatti side, with hot springs near the temple.
Tungnath Temple|Tungnath|IN|Uttarakhand|Tungnath|shiva|panch-kedar|The Panch Kedar shrine above Chopta combines a stone temple with a steep mountain walking approach.
Rudranath Temple|Rudranath|IN|Uttarakhand|Rudranath|shiva|panch-kedar|Shiva is venerated in his face form at this remote Panch Kedar shrine reached on foot.
Madhyamaheshwar Temple|Madhyamaheshwar|IN|Uttarakhand|Madhyamaheshwar|shiva|panch-kedar|This Panch Kedar shrine is associated with Shiva's navel and stands in a high mountain valley.
Kalpeshwar Temple|Kalpeshwar|IN|Uttarakhand|Urgam Valley|shiva|panch-kedar|A cave-associated Panch Kedar shrine where Shiva's matted hair is revered.
Jageshwar Temples|Jageshwar|IN|Uttarakhand|Jageshwar|shiva||A cluster of stone shrines set among deodar trees in the Kumaon hills.
Neelkanth Mahadev Temple|Neelkanth Mahadev Temple|IN|Uttarakhand|Near Rishikesh|shiva||A forested hill shrine associated in tradition with Shiva drinking poison during the churning of the ocean.
Mansa Devi Temple, Haridwar|Mansa Devi Temple, Haridwar|IN|Uttarakhand|Haridwar|devi||A hilltop goddess shrine overlooking Haridwar; distinguish it from the Mansa Devi temple in Panchkula.
Chandi Devi Temple, Haridwar|Chandi Devi Temple, Haridwar|IN|Uttarakhand|Haridwar|devi||A goddess shrine on Neel Parvat, forming part of Haridwar's hill-temple pilgrimage.
Dhari Devi Temple|Dhari Devi|IN|Uttarakhand|Kalyasaur|devi||A riverside goddess shrine on the Alaknanda between Srinagar and Rudraprayag.
Gopinath Temple, Gopeshwar|Gopinath Mandir|IN|Uttarakhand|Gopeshwar|shiva||A Shiva temple in Gopeshwar known for its stone architecture and large trident in the courtyard.
Vaishno Devi Temple|Vaishno Devi Temple|IN|Jammu and Kashmir|Katra|devi||A cave shrine in the Trikuta hills approached from Katra through a managed pilgrimage route.
Amarnath Cave Temple|Amarnath Temple|IN|Jammu and Kashmir|Amarnath|shiva||A high-altitude cave pilgrimage associated with a naturally forming ice lingam and a limited annual yatra season.
Shankaracharya Temple|Shankaracharya Temple|IN|Jammu and Kashmir|Srinagar|shiva||A hilltop Shiva temple above Srinagar with a stepped approach and views over the city.
Raghunath Temple, Jammu|Raghunath Temple|IN|Jammu and Kashmir|Jammu|rama||A temple complex in Jammu centred on Rama and associated with Dogra royal patronage.
Kheer Bhawani Temple|Kheer Bhawani|IN|Jammu and Kashmir|Tulmulla|devi||A Kashmiri goddess shrine built around a sacred spring at Tulmulla.
Shri Ram Janmabhoomi Temple|Ram Mandir|IN|Uttar Pradesh|Ayodhya|rama||Ayodhya's Ram Lalla shrine is a principal focus of devotion to Rama; visitor arrangements should be checked with the trust.
Hanuman Garhi, Ayodhya|Hanuman Garhi Temple|IN|Uttar Pradesh|Ayodhya|hanuman||A prominent Hanuman shrine with a stepped approach in the centre of Ayodhya.
Kanak Bhawan|Kanak Bhawan|IN|Uttar Pradesh|Ayodhya|rama,sita,devi||A palace-style temple devoted to Rama and Sita in Ayodhya's sacred centre.
Shri Kashi Vishwanath Temple|Kashi Vishwanath Temple|IN|Uttar Pradesh|Varanasi|shiva|jyotirlinga|The Vishwanath lingam anchors Shiva worship in Kashi, close to the Ganga and the old city's lanes.
Sankat Mochan Hanuman Temple|Sankat Mochan Hanuman Temple|IN|Uttar Pradesh|Varanasi|hanuman||A Hanuman shrine associated with Tulsidas and a long-standing tradition of devotional music.
Durga Kund Temple|Durga Mandir, Varanasi|IN|Uttar Pradesh|Varanasi|devi||A red-coloured Durga temple beside the Durga Kund tank in southern Varanasi.
Annapurna Devi Temple|Annapurna Devi Mandir|IN|Uttar Pradesh|Varanasi|devi||A shrine to Annapurna, the goddess of nourishment, near Kashi Vishwanath.
Kaal Bhairav Temple, Varanasi|Kaal Bhairav Mandir|IN|Uttar Pradesh|Varanasi|bhairava,shiva||Bhairava is revered here as the guardian of Kashi in the city's living pilgrimage tradition.
Krishna Janmasthan Temple Complex|Krishna Janmasthan Temple Complex|IN|Uttar Pradesh|Mathura|krishna||Mathura's temple complex commemorates Krishna's birthplace in Hindu tradition.
Banke Bihari Temple|Banke Bihari Temple|IN|Uttar Pradesh|Vrindavan|krishna,radha||A major Braj shrine where Banke Bihari is worshipped through distinctive darshan and seva traditions.
Prem Mandir|Prem Mandir, Vrindavan|IN|Uttar Pradesh|Vrindavan|krishna,radha,rama,sita||A marble temple complex whose reliefs and garden displays narrate episodes from Krishna and Rama traditions.
Radha Raman Temple|Radha Raman Temple|IN|Uttar Pradesh|Vrindavan|krishna,radha||A Gaudiya Vaishnava shrine associated with Gopala Bhatta Goswami and the Radha Raman deity.
ISKCON Krishna Balaram Mandir|Krishna Balaram Mandir|IN|Uttar Pradesh|Vrindavan|krishna,balarama,radha||An ISKCON pilgrimage centre in Raman Reti devoted to Krishna and Balarama.
Vindhyavasini Temple|Vindhyavasini|IN|Uttar Pradesh|Vindhyachal|devi||A major goddess shrine in Vindhyachal, linked with the area's three-temple pilgrimage tradition.
Gorakhnath Temple|Gorakhnath Math|IN|Uttar Pradesh|Gorakhpur|gorakhnath,shiva||A Nath monastic and temple centre associated with the yogi Gorakhnath.
Brahma Temple, Pushkar|Brahma Temple, Pushkar|IN|Rajasthan|Pushkar|brahma||A prominent Brahma shrine near Pushkar Lake, central to the town's pilgrimage landscape.
Karni Mata Temple|Karni Mata Temple|IN|Rajasthan|Deshnoke|devi||A temple to Karni Mata distinguished by its protected resident rats and the reverence shown to them.
Khatu Shyam Temple|Khatu Shyam Temple|IN|Rajasthan|Khatu|khatu-shyam,krishna||Devotion centres on Shyam, identified with Barbarika in a Mahabharata-linked tradition and associated with Krishna's blessing.
Salasar Balaji Temple|Salasar Balaji|IN|Rajasthan|Salasar|hanuman||A Hanuman pilgrimage centre in Salasar where Balaji is represented with a beard and moustache.
Mehandipur Balaji Temple|Mehandipur Balaji Temple|IN|Rajasthan|Mehandipur|hanuman||A Hanuman shrine with distinctive local ritual traditions; observe the temple's current visitor guidance respectfully.
Shrinathji Temple|Shrinathji Temple|IN|Rajasthan|Nathdwara|krishna||A Pushtimarg haveli temple with darshan organised around the daily seva of Shrinathji.
Govind Dev Ji Temple|Govind Dev Ji Temple|IN|Rajasthan|Jaipur|krishna,radha||A Radha-Krishna shrine within Jaipur's royal precinct, closely tied to the city's devotional life.
Eklingji Temple|Eklingji|IN|Rajasthan|Kailashpuri|shiva||A Mewar temple complex dedicated to Eklingji, a form of Shiva associated with the region's rulers.
Jwala Ji Temple|Jwalamukhi temple, Himachal Pradesh|IN|Himachal Pradesh|Jwalamukhi|devi||The goddess is worshipped through natural flames rather than a conventional central idol.
Chintpurni Temple|Chintpurni|IN|Himachal Pradesh|Chintpurni|devi||A major hill-region goddess pilgrimage in the Una area.
Naina Devi Temple, Bilaspur|Naina Devi|IN|Himachal Pradesh|Naina Devi|devi||A hilltop goddess shrine above the plains near the Punjab-Himachal border.
Chamunda Devi Temple|Shri Chamunda Devi Mandir|IN|Himachal Pradesh|Chamunda|devi||A goddess temple near the Baner river in the Kangra region.
Bajreshwari Devi Temple|Bajreshwari Mata Temple, Kangra|IN|Himachal Pradesh|Kangra|devi||A historic goddess shrine in Kangra associated with the region's Shakti pilgrimage tradition.
Baijnath Temple|Baijnath Temple|IN|Himachal Pradesh|Baijnath|shiva||A stone Shiva temple noted for its medieval Nagara architecture and inscriptions.
Jakhu Temple|Jakhu Temple|IN|Himachal Pradesh|Shimla|hanuman||A Hanuman shrine on Jakhu hill above Shimla, identifiable by its large Hanuman statue.
Bhimakali Temple|Bhimakali Temple|IN|Himachal Pradesh|Sarahan|devi||A multi-storeyed Himalayan temple known for its timber-and-stone architectural character.
Mata Mansa Devi Temple, Panchkula|Mata Mansa Devi Mandir|IN|Haryana|Panchkula|devi||A major Shakti shrine at the foot of the Shivalik hills near Chandigarh.
Sthaneshwar Mahadev Temple|Sthaneshwar Mahadev Temple|IN|Haryana|Thanesar|shiva||A Shiva shrine associated with the sacred landscape of Kurukshetra.
Durgiana Temple|Durgiana Temple|IN|Punjab|Amritsar|devi,vishnu||A Hindu temple complex set beside a sacred tank in Amritsar.
Swaminarayan Akshardham, Delhi|Swaminarayan Akshardham (Delhi)|IN|Delhi|New Delhi|swaminarayan||A carved-stone Swaminarayan complex combining a mandir with cultural exhibitions and landscaped grounds.
Chhatarpur Temple|Chhatarpur Temple|IN|Delhi|New Delhi|devi||A large temple complex at Chhatarpur centred on Katyayani, a form of the goddess.
Kalkaji Temple|Kalkaji Mandir|IN|Delhi|New Delhi|devi||A long-established Kali shrine in south Delhi with a prominent Navratri pilgrimage tradition.
Somnath Temple|Somnath temple|IN|Gujarat|Prabhas Patan|shiva|jyotirlinga|A coastal Jyotirlinga shrine at Prabhas Patan with a long history of reconstruction and worship.
Nageshwar Jyotirlinga|Nageshvara Jyotirlinga|IN|Gujarat|Near Dwarka|shiva|jyotirlinga|The Darukavana Jyotirlinga is identified here in the Dwarka pilgrimage tradition; other regional identifications also exist.
Dwarkadhish Temple|Dwarkadhish Temple|IN|Gujarat|Dwarka|krishna|char-dham|The Jagat Mandir at Dwarka honours Krishna as king and forms the western Char Dham destination.
Ambaji Temple|Ambaji|IN|Gujarat|Ambaji|devi||A major goddess pilgrimage near the Aravalli hills, with the Gabbar hill shrine forming part of the sacred landscape.
Kalika Mata Temple, Pavagadh|Kalika Mata Temple, Pavagadh|IN|Gujarat|Pavagadh|devi||A hilltop goddess shrine above the Champaner-Pavagadh heritage landscape.
Ranchhodraiji Temple, Dakor|Ranchhodraiji Temple|IN|Gujarat|Dakor|krishna||A Krishna shrine at Dakor where the deity is worshipped as Ranchhodrai.
Modhera Sun Temple|Sun Temple, Modhera|IN|Gujarat|Modhera|surya||A historic solar temple celebrated for its carved assembly hall and stepped sacred tank; treat it as a heritage visit.
Kashtabhanjan Hanuman Temple|Hanuman temple, Salangpur|IN|Gujarat|Salangpur|hanuman||A prominent Hanuman shrine within the Swaminarayan devotional tradition.
Siddhivinayak Temple, Mumbai|Siddhivinayak Temple, Mumbai|IN|Maharashtra|Mumbai|ganesha||The Prabhadevi Ganapati shrine is an important urban pilgrimage centre in Mumbai.
Dagadusheth Halwai Ganapati Temple|Dagadusheth Halwai Ganapati Temple|IN|Maharashtra|Pune|ganesha||A central Pune Ganapati temple closely associated with the city's public Ganesh festival tradition.
Trimbakeshwar Temple|Trimbakeshwar Shiva Temple|IN|Maharashtra|Trimbak|shiva|jyotirlinga|A Jyotirlinga temple below Brahmagiri near the source landscape of the Godavari.
Bhimashankar Temple|Bhimashankar Temple|IN|Maharashtra|Bhimashankar|shiva|jyotirlinga|A Shiva pilgrimage in the Sahyadri hills within a forested landscape.
Grishneshwar Temple|Grishneshwar Temple|IN|Maharashtra|Verul|shiva|jyotirlinga|A Jyotirlinga shrine near the Ellora caves, distinct from Ellora's rock-cut Kailasa monument.
Mahalakshmi Temple, Kolhapur|Mahalakshmi Temple, Kolhapur|IN|Maharashtra|Kolhapur|devi||The Ambabai shrine anchors Kolhapur's goddess pilgrimage and temple-town identity.
Tulja Bhavani Temple|Tulja Bhavani Temple|IN|Maharashtra|Tuljapur|devi||A major Bhavani shrine with longstanding importance in Maharashtra's devotional and royal traditions.
Saptashrungi Temple|Saptashrungi|IN|Maharashtra|Vani|devi||A mountain goddess shrine in the Nashik region, set among the Saptashrungi hills.
Vitthal Rukmini Temple|Vithoba Temple|IN|Maharashtra|Pandharpur|krishna,vishnu,devi||The principal Varkari pilgrimage shrine, devoted to Vitthal and Rukmini on the Chandrabhaga river.
Shirdi Sai Baba Temple|Shri Sai Baba Temple, Shirdi|IN|Maharashtra|Shirdi|sai-baba||A pilgrimage complex centred on Sai Baba's samadhi and teachings; the tradition draws devotees across religious communities.
Mayureshwar Temple, Morgaon|Ganesha Temple, Morgaon|IN|Maharashtra|Morgaon|ganesha|ashtavinayaka|The Morgaon shrine is traditionally the opening and closing destination of the Ashtavinayaka pilgrimage.
Siddhivinayak Temple, Siddhatek|Siddhivinayak Temple, Siddhatek|IN|Maharashtra|Siddhatek|ganesha|ashtavinayaka|An Ashtavinayaka shrine on the Bhima river, distinct from Mumbai's Siddhivinayak temple.
Ballaleshwar Temple, Pali|Ballaleshwar Pali|IN|Maharashtra|Pali|ganesha|ashtavinayaka|The Pali Ashtavinayaka shrine is associated with the devotee Ballala.
Varadvinayak Temple|Varadvinayak|IN|Maharashtra|Mahad, Khalapur|ganesha|ashtavinayaka|An Ashtavinayaka shrine at Mahad near Khopoli; distinguish this locality from Mahad town farther south.
Chintamani Temple, Theur|Chintamani Temple, Theur|IN|Maharashtra|Theur|ganesha|ashtavinayaka|The Theur Ganapati shrine is one of the eight Ashtavinayaka pilgrimage temples.
Girijatmaj Temple, Lenyadri|Lenyadri|IN|Maharashtra|Lenyadri|ganesha|ashtavinayaka|A cave shrine reached by steps, set within the Lenyadri rock-cut cave group.
Vighneshwar Temple, Ozar|Vigneshwara Temple, Ozar|IN|Maharashtra|Ozar|ganesha|ashtavinayaka|An Ashtavinayaka shrine where Ganapati is worshipped as the remover of obstacles.
Mahaganapati Temple, Ranjangaon|Ranjangaon Ganpati|IN|Maharashtra|Ranjangaon|ganesha|ashtavinayaka|The Ranjangaon shrine represents Mahaganapati in the Ashtavinayaka pilgrimage tradition.
Mahakaleshwar Temple|Mahakaleshwar Jyotirlinga|IN|Madhya Pradesh|Ujjain|shiva|jyotirlinga|A south-facing Jyotirlinga in Ujjain, particularly associated with the Bhasma Aarti tradition.
Omkareshwar Temple|Omkareshwar Temple|IN|Madhya Pradesh|Omkareshwar|shiva|jyotirlinga|A Narmada island pilgrimage; Omkareshwar and nearby Mamleshwar are associated in the local Jyotirlinga tradition.
Ram Raja Temple|Ram Raja Temple|IN|Madhya Pradesh|Orchha|rama||Rama is worshipped as a king in this palace-associated temple at Orchha.
Kandariya Mahadeva Temple|Kandariya Mahadeva Temple|IN|Madhya Pradesh|Khajuraho|shiva||A Chandela-period Shiva monument known for its soaring clustered spires and extensive sculpture.
Sharada Devi Temple, Maihar|Maihar|IN|Madhya Pradesh|Maihar|devi||A hilltop Sharada shrine that forms the centre of Maihar's goddess pilgrimage.
Baidyanath Temple, Deoghar|Baidyanath Temple|IN|Jharkhand|Deoghar|shiva|jyotirlinga|A major Shiva pilgrimage in Deoghar; the identification of the Vaidyanath Jyotirlinga has regional alternatives.
Chhinnamasta Temple, Rajrappa|Chhinnamasta Temple|IN|Jharkhand|Rajrappa|devi||A Shakta shrine near the meeting of the Bhairavi and Damodar rivers.
Vishnupad Temple|Vishnupad Temple|IN|Bihar|Gaya|vishnu||A Vishnu shrine associated with the deity's footprint and Gaya's ancestral-offering pilgrimage traditions.
Mahavir Mandir, Patna|Mahavir Mandir|IN|Bihar|Patna|hanuman||A prominent Hanuman temple close to Patna Junction railway station.
Mundeshwari Temple|Mundeshwari Temple|IN|Bihar|Paunra|devi,shiva||A historic hill temple known for its unusual octagonal plan and continuing worship.
Jagannath Temple, Puri|Jagannath Temple, Puri|IN|Odisha|Puri|jagannath,krishna,balarama,subhadra|char-dham|The shrine of Jagannath, Balabhadra and Subhadra anchors Puri's pilgrimage and Ratha Yatra traditions.
Lingaraj Temple|Lingaraja Temple|IN|Odisha|Bhubaneswar|shiva,vishnu||A major Kalinga-style temple where Harihara worship brings Shiva and Vishnu associations together.
Konark Sun Temple|Konark Sun Temple|IN|Odisha|Konark|surya||A monumental stone chariot dedicated to Surya; the surviving temple is primarily visited as a heritage monument.
Mukteshwar Temple, Bhubaneswar|Mukteshvara Temple, Bhubaneswar|IN|Odisha|Bhubaneswar|shiva||A compact Shiva temple noted for its intricately carved arched gateway.
Biraja Temple|Biraja Temple|IN|Odisha|Jajpur|devi||A goddess shrine in the historic sacred town of Jajpur.
Dakshineswar Kali Temple|Dakshineswar Kali Temple|IN|West Bengal|Dakshineswar|devi||A riverside Kali complex associated with Rani Rashmoni and the spiritual life of Ramakrishna.
Kalighat Kali Temple|Kalighat Kali Temple|IN|West Bengal|Kolkata|devi||A major Kali shrine within Kolkata's densely populated Kalighat neighbourhood.
Tarapith Temple|Tarapith|IN|West Bengal|Tarapith|devi||A Tara pilgrimage centre associated with Shakta practice and the saint Bamakhepa.
ISKCON Mayapur|Mayapur|IN|West Bengal|Mayapur|krishna,radha,chaitanya||A Gaudiya Vaishnava pilgrimage centre associated with Chaitanya and the international ISKCON community.
Kamakhya Temple|Kamakhya Temple|IN|Assam|Guwahati|devi||A major Shakta shrine on Nilachal Hill, with a distinctive annual Ambubachi observance.
Umananda Temple|Umananda Temple|IN|Assam|Guwahati|shiva||A Shiva shrine on an island in the Brahmaputra, approached by river transport.
Tripura Sundari Temple|Tripura Sundari Temple|IN|Tripura|Udaipur|devi||The Matabari shrine honours Tripura Sundari and is a principal pilgrimage destination in Tripura.
Govindajee Temple|Shree Govindajee Temple|IN|Manipur|Imphal|krishna,radha||A Vaishnava temple beside Imphal's former royal palace precinct.
Parshuram Kund|Parshuram Kund|IN|Arunachal Pradesh|Lohit Valley|parashurama,vishnu||A river pilgrimage associated with Parashurama; this is a sacred bathing site rather than a conventional temple building.
Ganesh Tok|Ganesh Tok|IN|Sikkim|Gangtok|ganesha||A small Ganesh shrine on a hill above Gangtok, combined with a scenic viewpoint.
Nartiang Durga Temple|Nartiang Durga Temple|IN|Meghalaya|Nartiang|devi||A goddess shrine connected with the Jaintia region's royal and religious heritage.
Danteshwari Temple|Danteshwari Temple|IN|Chhattisgarh|Dantewada|devi||A major goddess shrine closely connected with Bastar's religious traditions.
Bhoramdeo Temple|Bhoramdeo Temple|IN|Chhattisgarh|Chaura|shiva||A carved stone Shiva temple near Kawardha, surrounded by a rural hill landscape.
Mangeshi Temple|Mangeshi Temple|IN|Goa|Mangeshi|shiva||A Goan Shiva shrine distinguished by its lamp tower and temple-tank setting.
Shanta Durga Temple|Shanta Durga Temple|IN|Goa|Kavlem|devi||A goddess temple at Kavlem with the characteristic architecture of Goa's temple complexes.
Tirumala Venkateswara Temple|Venkateswara Temple, Tirumala|IN|Andhra Pradesh|Tirumala|vishnu||The hill shrine of Venkateswara is administered by Tirumala Tirupati Devasthanams and has multiple darshan arrangements.
Sri Padmavathi Ammavari Temple|Padmavathi Temple|IN|Andhra Pradesh|Tiruchanur|devi||A major Padmavathi shrine at Tiruchanur, commonly visited with Tirumala.
Mallikarjuna Temple, Srisailam|Mallikarjuna Temple, Srisailam|IN|Andhra Pradesh|Srisailam|shiva,devi|jyotirlinga|Mallikarjuna and Bhramaramba are worshipped within the Srisailam pilgrimage complex in the Nallamala hills.
Srikalahasti Temple|Srikalahasteeswara temple|IN|Andhra Pradesh|Srikalahasti|shiva|pancha-bhoota|Shiva is associated with the air element at this temple beside the Swarnamukhi river.
Kanaka Durga Temple|Kanaka Durga Temple|IN|Andhra Pradesh|Vijayawada|devi||The Indrakeeladri hill shrine overlooks the Krishna river and is a major Dasara pilgrimage centre.
Simhachalam Temple|Varaha Lakshmi Narasimha temple, Simhachalam|IN|Andhra Pradesh|Visakhapatnam|vishnu,narasimha||A hill temple where Vishnu is worshipped in the combined Varaha-Narasimha form.
Kanipakam Vinayaka Temple|Vinayaka Temple, Kanipakam|IN|Andhra Pradesh|Kanipakam|ganesha||A Ganapati pilgrimage centre at Kanipakam, associated with a water-filled sanctum tradition.
Sita Ramachandraswamy Temple, Bhadrachalam|Sita Ramachandraswamy Temple, Bhadrachalam|IN|Telangana|Bhadrachalam|rama,sita||A Godavari-side shrine devoted to Rama and Sita, associated with the devotee Bhadradri Ramadasu.
Yadadri Lakshmi Narasimha Temple|Sri Lakshmi Narasimha Swamy Temple, Yadagirigutta|IN|Telangana|Yadagirigutta|vishnu,narasimha||A hill pilgrimage devoted to Lakshmi Narasimha, also widely known as Yadagirigutta.
Thousand Pillar Temple|Thousand Pillar Temple|IN|Telangana|Hanamkonda|shiva,vishnu,surya||A Kakatiya temple complex associated with Rudreshwara and noted for its carved stone pillars.
Ramappa Temple|Ramappa Temple|IN|Telangana|Palampet|shiva||A Kakatiya-period Rudreshwara temple renowned for its sculpted brackets and distinctive construction.
Gnana Saraswati Temple|Gnana Saraswati Temple, Basar|IN|Telangana|Basar|saraswati,devi||A Saraswati shrine associated with the initiation of children into learning.
Jogulamba Temple|Jogulamba Temple, Alampur|IN|Telangana|Alampur|devi||A goddess shrine at Alampur, near the historic Navabrahma group of Shiva temples.
Meenakshi Amman Temple|Meenakshi Temple|IN|Tamil Nadu|Madurai|devi,shiva||Meenakshi and Sundareswarar are worshipped in a vast temple complex at the heart of Madurai.
Ramanathaswamy Temple|Ramanathaswamy Temple|IN|Tamil Nadu|Rameswaram|shiva|jyotirlinga,char-dham|A Shiva shrine associated with Rama's pilgrimage tradition, known for long corridors and sacred wells.
Sri Ranganathaswamy Temple, Srirangam|Ranganathaswamy Temple, Srirangam|IN|Tamil Nadu|Tiruchirappalli|vishnu||A large concentric temple-town complex devoted to reclining Ranganatha on the island of Srirangam.
Brihadisvara Temple, Thanjavur|Brihadisvara Temple|IN|Tamil Nadu|Thanjavur|shiva|great-living-chola|Rajaraja Chola's great stone Shiva temple is distinguished by its monumental vimana.
Gangaikonda Cholapuram Temple|Brihadisvara Temple, Gangaikonda Cholapuram|IN|Tamil Nadu|Gangaikonda Cholapuram|shiva|great-living-chola|Rajendra Chola's royal temple continues the monumental Chola tradition at his former capital.
Airavatesvara Temple|Airavatesvara Temple|IN|Tamil Nadu|Darasuram|shiva|great-living-chola|A Chola-period Shiva temple celebrated for its finely carved, chariot-like architectural details.
Thillai Nataraja Temple|Nataraja Temple, Chidambaram|IN|Tamil Nadu|Chidambaram|shiva|pancha-bhoota|Shiva as Nataraja is worshipped through dance symbolism; the temple represents space in the five-element tradition.
Arunachaleswarar Temple|Arunachalesvara Temple|IN|Tamil Nadu|Tiruvannamalai|shiva|pancha-bhoota|A Shiva temple at the foot of Arunachala, associated with fire and the hill-circumambulation tradition.
Ekambareswarar Temple|Ekambareswarar Temple (Kanchipuram)|IN|Tamil Nadu|Kanchipuram|shiva|pancha-bhoota|A major Shiva temple associated with the earth element in the Pancha Bhoota tradition.
Jambukeswarar Temple|Jambukeswarar Temple, Thiruvanaikaval|IN|Tamil Nadu|Tiruchirappalli|shiva|pancha-bhoota|The Thiruvanaikaval shrine represents water in the five-element Shiva temple tradition.
Kamakshi Amman Temple|Kamakshi Amman Temple|IN|Tamil Nadu|Kanchipuram|devi||A principal Shakta shrine of Kanchipuram centred on Kamakshi.
Kapaleeshwarar Temple|Kapaleeshwarar Temple|IN|Tamil Nadu|Chennai|shiva,devi||A Mylapore temple dedicated to Kapaleeshwarar and Karpagambal, with a prominent tank and gopuram.
Parthasarathy Temple|Parthasarathy Temple, Chennai|IN|Tamil Nadu|Chennai|krishna,vishnu||The Triplicane temple honours Krishna as Arjuna's charioteer and includes other Vishnu forms.
Andal Temple, Srivilliputhur|Srivilliputhur Andal Temple|IN|Tamil Nadu|Srivilliputhur|andal,devi,vishnu||A Vaishnava pilgrimage associated with the poet-saint Andal and Vatapatrasayi.
Dhandayuthapani Swamy Temple, Palani|Dhandayuthapani Swamy Temple|IN|Tamil Nadu|Palani|murugan|arupadai-veedu|Murugan is worshipped as Dhandayuthapani at this hilltop pilgrimage destination.
Subramaniya Swamy Temple, Tiruchendur|Subramaniya Swamy Temple, Tiruchendur|IN|Tamil Nadu|Tiruchendur|murugan|arupadai-veedu|A coastal Murugan temple and one of the six traditional sacred abodes.
Subramaniya Swamy Temple, Thiruparankundram|Subramaniya Swamy Temple, Thiruparankundram|IN|Tamil Nadu|Thiruparankundram|murugan|arupadai-veedu|A rock-cut-associated Murugan shrine near Madurai, linked with his marriage to Devasena in tradition.
Swamimalai Swaminathaswamy Temple|Swaminatha Swamy Temple|IN|Tamil Nadu|Swamimalai|murugan|arupadai-veedu|A Murugan shrine near Kumbakonam associated with the deity's role as a teacher of sacred wisdom.
Subramaniya Swamy Temple, Tiruttani|Subramaniya Swamy Temple, Tiruttani|IN|Tamil Nadu|Tiruttani|murugan|arupadai-veedu|A hilltop Murugan pilgrimage in northern Tamil Nadu and one of the six sacred abodes.
Pazhamudircholai Temple|Pazhamudircholai|IN|Tamil Nadu|Near Madurai|murugan|arupadai-veedu|A Murugan shrine in the wooded hills near Alagar Kovil, completing the six-abode collection.
Kumari Amman Temple|Devi Kanya Kumari|IN|Tamil Nadu|Kanyakumari|devi||A coastal shrine to the virgin goddess at the southern tip of mainland India.
Manakula Vinayagar Temple|Manakula Vinayagar Temple|IN|Puducherry|Puducherry|ganesha||A Ganapati temple close to Puducherry's historic French quarter.
Sree Padmanabhaswamy Temple|Padmanabhaswamy Temple|IN|Kerala|Thiruvananthapuram|vishnu||Vishnu is worshipped in the reclining Anantha posture in a temple closely associated with Travancore.
Guruvayur Temple|Guruvayur Temple|IN|Kerala|Guruvayur|krishna,vishnu||A major Krishna pilgrimage centre with distinctive Kerala temple worship and seva traditions.
Sabarimala Temple|Sabarimala Temple|IN|Kerala|Sabarimala|ayyappa||A forested hill pilgrimage dedicated to Ayyappa, with specified worship periods rather than year-round daily opening.
Attukal Bhagavathy Temple|Attukal Temple|IN|Kerala|Thiruvananthapuram|devi||A Bhagavathy shrine especially associated with the Attukal Pongala offering tradition.
Chottanikkara Temple|Chottanikkara Temple|IN|Kerala|Chottanikkara|devi||A major Bhagavathy shrine in the Kochi region with distinctive daily worship traditions.
Vadakkunnathan Temple|Vadakkunnathan Temple|IN|Kerala|Thrissur|shiva||A Kerala-style Shiva temple within Thrissur's central grounds, closely associated with the city's cultural identity.
Ambalappuzha Sri Krishna Temple|Ambalappuzha Sree Krishna Swamy Temple|IN|Kerala|Ambalappuzha|krishna||A Krishna shrine known for its palpayasam offering and Kerala temple architecture.
Mannarasala Temple|Mannarasala Temple|IN|Kerala|Haripad|nagaraja||A wooded serpent-worship shrine with distinctive hereditary ritual traditions.
Udupi Sri Krishna Matha|Udupi Sri Krishna Matha|IN|Karnataka|Udupi|krishna||A Krishna temple and monastic centre associated with Madhvacharya and the Paryaya tradition.
Virupaksha Temple, Hampi|Virupaksha Temple, Hampi|IN|Karnataka|Hampi|shiva||A living Shiva temple within Hampi's historic Vijayanagara landscape.
Vijaya Vittala Temple|Vijaya Vittala Temple|IN|Karnataka|Hampi|vishnu,krishna||A Vijayanagara heritage temple complex known for its stone chariot and elaborate pillared halls.
Kollur Mookambika Temple|Kollur Mookambika Temple|IN|Karnataka|Kollur|devi||A major goddess shrine near the Western Ghats, especially important to devotees from Karnataka and Kerala.
Dharmasthala Manjunatha Temple|Dharmasthala Temple|IN|Karnataka|Dharmasthala|shiva||A Manjunatha shrine known for its distinctive relationship between Hindu worship and Jain hereditary administration.
Kukke Subramanya Temple|Kukke Subramanya Temple|IN|Karnataka|Subramanya|murugan,nagaraja||A Western Ghats pilgrimage where Subramanya is closely associated with serpent worship.
Murudeshwar Temple|Murudeshwar|IN|Karnataka|Murudeshwar|shiva||A coastal Shiva pilgrimage distinguished by a large Shiva statue and tall entrance tower.
Mahabaleshwar Temple, Gokarna|Mahabaleshwar Temple, Gokarna|IN|Karnataka|Gokarna|shiva||A coastal Karnataka Shiva shrine associated with the Atmalinga tradition.
Chamundeshwari Temple|Chamundeshwari Temple|IN|Karnataka|Mysuru|devi||A hilltop goddess temple above Mysuru, closely linked with the city's royal and Dasara traditions.
Horanadu Annapoorneshwari Temple|Annapoorneshwari Temple|IN|Karnataka|Horanadu|devi||A goddess-of-nourishment shrine in the Western Ghats at Horanadu.
Sringeri Sharadamba Temple|Sringeri Sharadamba Temple|IN|Karnataka|Sringeri|saraswati,devi||A Sharada shrine associated with the Sringeri monastic institution on the Tunga river.
Chennakeshava Temple, Belur|Chennakeshava Temple, Belur|IN|Karnataka|Belur|vishnu||A Hoysala temple dedicated to Keshava, celebrated for detailed stone sculpture and bracket figures.
Hoysaleswara Temple|Hoysaleswara Temple|IN|Karnataka|Halebidu|shiva||A twin-shrine Hoysala Shiva temple with extensive narrative and ornamental carving.
Dodda Ganapathi Temple|Dodda Ganapathi Temple|IN|Karnataka|Bengaluru|ganesha||A large Ganapati shrine in Basavanagudi near the Bull Temple precinct.
Pashupatinath Temple|Pashupatinath Temple|NP|Bagmati|Kathmandu|shiva||A major Shiva pilgrimage on the Bagmati river, with a temple complex and cremation ghats.
Janaki Mandir|Janaki Mandir|NP|Madhesh|Janakpur|sita,rama,devi||A prominent palace-like temple devoted to Janaki, or Sita, in the Mithila cultural region.
Muktinath Temple|Muktinath|NP|Gandaki|Muktinath|vishnu||A high-altitude pilgrimage revered by both Hindus and Buddhists in the Mustang region.
Changu Narayan Temple|Changu Narayan Temple|NP|Bagmati|Changunarayan|vishnu||A historic Vishnu shrine above the Kathmandu Valley with important early sculpture and inscriptions.
Manakamana Temple|Manakamana Temple|NP|Gandaki|Manakamana|devi||A hilltop goddess shrine in the Gorkha region with a well-known cable-car approach.
Dakshinkali Temple|Dakshinkali Temple|NP|Bagmati|Dakshinkali|devi||A Kali shrine south of Kathmandu with distinctive Shakta ritual traditions.
Nallur Kandaswamy Temple|Nallur Kandaswamy temple|LK|Northern Province|Jaffna|murugan||A major Murugan shrine at Nallur, central to Jaffna's Tamil Hindu religious life.
Koneswaram Temple|Koneswaram Temple|LK|Eastern Province|Trincomalee|shiva||A Shiva shrine on Swami Rock overlooking Trincomalee's coast, associated with the Pancha Ishwaram tradition.
Munneswaram Temple|Munneswaram temple|LK|North Western Province|Chilaw|shiva,devi||A temple complex near Chilaw whose principal Shiva shrine belongs to Sri Lanka's ancient Ishwaram tradition.
Seetha Amman Temple|Seetha Amman Temple|LK|Central Province|Seetha Eliya|sita,rama||A shrine near Nuwara Eliya associated in local Ramayana tradition with Sita's stay in Lanka.
Batu Caves Sri Subramaniar Temple|Batu Caves|MY|Selangor|Batu Caves|murugan||A limestone-cave Murugan pilgrimage famous for its stairway, large statue and Thaipusam celebrations.
Sri Mahamariamman Temple, Kuala Lumpur|Sri Mahamariamman Temple, Kuala Lumpur|MY|Kuala Lumpur|Kuala Lumpur|devi||A historic Tamil Hindu temple in central Kuala Lumpur with a richly sculpted entrance tower.
Arulmigu Sri Rajakaliamman Glass Temple|Arulmigu Sri Rajakaliamman Glass Temple|MY|Johor|Johor Bahru|devi||A goddess temple distinguished by extensive glass mosaic decoration in its interior.
Sri Mariamman Temple, Singapore|Sri Mariamman Temple, Singapore|SG|Singapore|Singapore|devi||A historic Tamil Hindu temple in Chinatown, known for its sculpted gopuram and fire-walking tradition.
Sri Veeramakaliamman Temple|Sri Veeramakaliamman Temple|SG|Singapore|Singapore|devi||A Kali temple in Little India whose sculptural decoration reflects Tamil Hindu traditions.
Sri Thendayuthapani Temple|Sri Thendayuthapani Temple|SG|Singapore|Singapore|murugan||A Murugan temple on Tank Road associated with Singapore's Thaipusam pilgrimage.
Sri Srinivasa Perumal Temple|Sri Srinivasa Perumal Temple|SG|Singapore|Singapore|vishnu||A Perumal shrine on Serangoon Road and an important landmark in Singapore's Hindu community.
Besakih Temple|Besakih Temple|ID|Bali|Besakih|shiva,vishnu,brahma||A large Balinese Hindu temple complex on Mount Agung's slopes, often called Bali's mother temple.
Tanah Lot Temple|Tanah Lot|ID|Bali|Beraban|sea-deity||A Balinese sea-temple landmark on a coastal rock formation; tide conditions affect the approach.
Uluwatu Temple|Uluwatu Temple|ID|Bali|Pecatu|shiva||A Balinese Hindu sea temple set on cliffs above the Indian Ocean.
Ulun Danu Beratan Temple|Pura Ulun Danu Bratan|ID|Bali|Candikuning|devi||A lakeside Balinese temple associated with water and the goddess Danu.
Prambanan Temple Compounds|Prambanan|ID|Special Region of Yogyakarta|Prambanan|shiva,vishnu,brahma||A major historic Hindu temple complex with towering sanctuaries devoted to the Trimurti.
Erawan Shrine|Erawan Shrine|TH|Bangkok|Bangkok|brahma||A city shrine to Phra Phrom, the Thai representation of Brahma, at the Ratchaprasong intersection.
Sri Maha Mariamman Temple, Bangkok|Sri Maha Mariamman Temple, Bangkok|TH|Bangkok|Bangkok|devi||A Tamil Hindu goddess temple on Silom Road, also known locally as Wat Khaek.
Dhakeshwari Temple|Dhakeshwari Temple|BD|Dhaka Division|Dhaka|devi||A major Durga shrine in Dhaka and a focal point of Bangladesh's Hindu religious life.
Hinglaj Mata Temple|Hinglaj Mata Temple|PK|Balochistan|Hingol|devi||A goddess cave shrine in the Hingol landscape, central to the annual Hinglaj pilgrimage.
Katas Raj Temples|Katas Raj Temples|PK|Punjab|Katas|shiva||A historic Hindu temple complex arranged around a sacred pool in the Salt Range.
Ganga Talao Temples|Ganga Talao|MU|Savanne|Grand Bassin|shiva,devi||A sacred crater-lake pilgrimage landscape with Hindu shrines, especially associated with Maha Shivaratri.
BAPS Hindu Mandir, Abu Dhabi|BAPS Hindu Mandir Abu Dhabi|AE|Abu Dhabi|Abu Mureikha|swaminarayan,shiva,rama,krishna,ganesha,hanuman,devi||A traditional stone mandir developed by BAPS with shrines representing several Hindu devotional traditions.
Hindu Temple Dubai|Hindu Temple, Dubai|AE|Dubai|Jebel Ali|shiva,vishnu,ganesha,devi||A contemporary Hindu temple complex serving multiple devotional traditions in Jebel Ali.
BAPS Shri Swaminarayan Mandir, London|BAPS Shri Swaminarayan Mandir London|GB|England|London|swaminarayan||The Neasden mandir is a traditional carved-stone Hindu temple and community centre in north-west London.
Bhaktivedanta Manor|Bhaktivedanta Manor|GB|England|Aldenham|krishna,radha||An ISKCON estate and temple associated with the Radha-Gokulananda deities near Watford.
Shri Venkateswara Balaji Temple, Tividale|Shri Venkateswara (Balaji) Temple|GB|England|Tividale|vishnu||A South Indian-style Venkateswara temple in the West Midlands.
BAPS Swaminarayan Akshardham, Robbinsville|Swaminarayan Akshardham (New Jersey)|US|New Jersey|Robbinsville|swaminarayan||A large BAPS temple and cultural campus featuring traditional stone carving in New Jersey.
Sri Venkateswara Temple, Pittsburgh|Sri Venkateswara Temple, Pittsburgh|US|Pennsylvania|Penn Hills|vishnu||A Venkateswara pilgrimage and community temple serving the Pittsburgh region.
Sri Maha Vallabha Ganapati Devasthanam|Hindu Temple Society of North America|US|New York|Flushing|ganesha||A traditional Ganapati temple operated by the Hindu Temple Society of North America in Queens.
Malibu Hindu Temple|Malibu Hindu Temple|US|California|Calabasas|vishnu,shiva||A South Indian-style temple complex in the Santa Monica Mountains near Malibu.
Sri Siva Vishnu Temple, Maryland|Sri Siva Vishnu Temple|US|Maryland|Lanham|shiva,vishnu||A multi-shrine Hindu temple serving the Washington metropolitan area.
BAPS Shri Swaminarayan Mandir, Toronto|BAPS Shri Swaminarayan Mandir Toronto|CA|Ontario|Toronto|swaminarayan||A carved-stone mandir and cultural complex developed by BAPS in the Toronto area.
Shri Shiva Vishnu Temple, Melbourne|Shri Shiva Vishnu Temple, Melbourne|AU|Victoria|Carrum Downs|shiva,vishnu||A temple of the Hindu Society of Victoria centred on Shiva and Vishnu worship.
Sri Venkateswara Temple, Helensburgh|Sri Venkateswara Temple, Helensburgh|AU|New South Wales|Helensburgh|vishnu,shiva||A South Indian-style temple complex in bushland south of Sydney.
Sri Siva Subramaniya Temple|Sri Siva Subramaniya Temple|FJ|Western Division|Nadi|murugan||A brightly decorated Tamil Hindu temple serving Nadi's Indo-Fijian community.
Sri Sri Radha Radhanath Temple|Sri Sri Radha Radhanath Temple|ZA|KwaZulu-Natal|Chatsworth|krishna,radha||An ISKCON Radha-Krishna temple in the Durban area, also known as the Temple of Understanding.
Temple in the Sea|Temple in the Sea|TT|Couva-Tabaquite-Talparo|Waterloo|shiva||A coastal Hindu pilgrimage landmark associated with the persistence of its founder, Sewdass Sadhu.
Dattatreya Temple and Hanuman Statue|Dattatreya Temple and Hanuman Statue|TT|Chaguanas|Carapichaima|dattatreya,hanuman||A temple complex at Carapichaima distinguished by a large standing Hanuman statue.
